Marks,tuyetru
0,855
0.166667,85
0.583333,10
1,65
