Marks ,Z-Score Normalized Marks 
15,-1.36654
18,-0.797149
23,0.151838
25,0.531433
30,1.48042
